date,street_name,quartier,file_name
2026-03-25,Impasse Gardey,SAINT-GINIEZ,2026-03-25__impasse-gardey.jpg
2026-03-26,Rue George Charpak,CHATEAU-GOMBERT,2026-03-26__rue-george-charpak.jpg
2026-03-27,Impasse Cherenton,ROUCAS-BLANC,2026-03-27__impasse-cherenton.jpg
2026-03-28,Rue Victoria Marino,SORMIOU,2026-03-28__rue-victoria-marino.jpg
2026-03-29,Impasse des Fauvettes,LA MILLIERE,2026-03-29__impasse-des-fauvettes.jpg
2026-03-30,Boulevard Guigou,CHUTES-LAVIE,2026-03-30__boulevard-guigou.jpg
2026-03-31,Rue Boisselot,BON-SECOURS,2026-03-31__rue-boisselot.jpg
2026-04-01,Rue du Rhône,PERIER,2026-04-01__rue-du-rhone.jpg
2026-04-02,Avenue Arthur Scott,MENPENTI,2026-04-02__avenue-arthur-scott.jpg
2026-04-03,Rue Dragon,VAUBAN,2026-04-03__rue-dragon.jpg
2026-04-04,Impasse Nouveau,BOMPARD,2026-04-04__impasse-nouveau.jpg
2026-04-05,Avenue Yves Giraud,VERDURON,2026-04-05__avenue-yves-giraud.jpg
2026-04-06,Rue Louis Merlino,BON-SECOURS,2026-04-06__rue-louis-merlino.jpg
2026-04-07,Rue Audric,SAINT-BARNABE,2026-04-07__rue-audric.jpg
2026-04-08,Chemin de la Clue,LA TREILLE,2026-04-08__chemin-de-la-clue.jpg
2026-04-09,Rue Puits du Denier,GRANDS-CARMES,2026-04-09__rue-puits-du-denier.jpg
2026-04-10,Rue Raphaël Ponson,SAINT-GINIEZ,2026-04-10__rue-raphael-ponson.jpg
2026-04-11,Rue du Plateau,SAINT-LAMBERT,2026-04-11__rue-du-plateau.jpg
2026-04-12,Boulevard Gustave Ganay,SAINTE MARGUERITE,2026-04-12__boulevard-gustave-ganay.jpg
2026-04-13,Avenue du Corps Expéditionnaire Français,SAINT-LOUP,2026-04-13__avenue-du-corps-expeditionnaire-francais.jpg
2026-04-14,Avenue Campagne Barielle,SAINT-MITRE,2026-04-14__avenue-campagne-barielle.jpg
2026-04-15,Rue Saint-François de Sales,LA BLANCARDE,2026-04-15__rue-saint-francois-de-sales.jpg
2026-04-16,Rue Henri Tasso,HOTEL DE VILLE,2026-04-16__rue-henri-tasso.jpg
2026-04-17,Avenue de la Campane,MONTOLIVET,2026-04-17__avenue-de-la-campane.jpg
2026-04-18,Place Thiars,OPERA,2026-04-18__place-thiars.jpg
2026-04-19,Rue Pierre Doize,SAINT-LOUP,2026-04-19__rue-pierre-doize.jpg
2026-04-20,Rond-Point La Michelle,CHATEAU-GOMBERT,2026-04-20__rond-point-la-michelle.jpg
2026-04-21,Impasse de l'Église,ENDOUME,2026-04-21__impasse-de-leglise.jpg
2026-04-22,Impasse Narcisse,L'ESTAQUE,2026-04-22__impasse-narcisse.jpg
2026-04-23,Rue Ernest Renan,BAILLE,2026-04-23__rue-ernest-renan.jpg
